date,speed,dosc_cost,price
2008-11-01,1010,76.43509555488221,179
2008-11-01,1321,35.24920227375564,200
2008-11-01,384,549.6912079465048,161
2008-11-01,1141,59.97224539393026,180
2008-11-01,307,341.638813209263,161
2008-11-01,1285,112.69743289910463,999
2008-11-01,1399,36.00069627443814,285
2008-11-01,1222,75.6858390663277,305
2008-11-01,953,53.23727733855649,75
2008-11-01,519,300.91686160565126,161
2008-11-01,1331,33.47347381859013,179
2008-11-01,1246,36.161769570542354,149
2008-11-01,1089,44.49923669561629,117
2008-11-01,1452,87.81525158009961,990
2008-11-01,695,216.3289690201464,224
2008-11-01,1225,59.536733449960224,287
2008-11-01,1085,68.11140046210096,200
2008-12-01,1342,77.73597967175559,555
2008-12-01,1291,57.17822853559211,339
2008-12-01,497,280.95151550487066,93
2008-12-01,535,324.4870050489503,316
2008-12-01,1085,44.481279189746346,110
2008-12-01,389,199.0938160265913,161
2008-12-01,562,213.38737516055417,74
2008-12-01,574,306.04162995845905,183
2008-12-01,264,441.2664515231839,161
2008-12-01,1056,48.433396410890296,364
2008-12-01,318,319.63811539654114,161
2008-12-01,1046,45.05150569134974,200
2008-12-01,923,43.0055344551375,199
2008-12-01,937,43.16905485821312,211
2008-12-01,1202,39.347155382558874,93
2009-01-01,494,139.99942285466008,161
2009-01-01,1335,67.18455518507787,562
2009-01-01,1279,33.17819859148394,243
2009-01-01,1028,46.022410518372254,250
2009-02-01,1261,108.4991724921917,912
2009-02-01,875,98.38382646349324,231
2009-02-01,354,272.62998464489635,161
2009-02-01,250,495.6342961241573,161
2009-02-01,323,312.1952796610705,161
2009-02-01,251,516.9921323750389,161
2009-02-01,338,373.9126872051903,86
2009-02-01,1102,62.05562921246908,413
2009-02-01,313,332.46252724596377,161
2009-02-01,607,224.23397812277912,161
2009-02-01,767,62.629029701302585,247
2009-02-01,466,97.20871730601519,37
2009-02-01,630,66.036445583535,37
2009-02-01,353,243.47833927051678,161
2009-02-01,164,184.52648681140948,32
2009-02-01,363,230.2483313841634,161
2009-02-01,1057,71.07951845249836,179
2009-02-01,696,170.55337768645097,161
2009-02-01,460,161.459825877882,161
2009-02-01,1237,81.70341248187863,703
2009-02-01,1153,77.25194652587221,491
2009-02-01,1065,77.17893137185743,347
2009-02-01,271,421.796319600221,161
2009-02-01,282,389.53200930234686,161
2009-02-01,878,86.9311634591645,364
2009-02-01,1380,109.00388264409455,1245
2009-03-01,1205,37.70739022200132,125
2009-03-01,1454,109.5479818868721,1467
2009-03-01,161,314.07207037435785,65
2009-03-01,185,907.5979185664025,161
2009-03-01,1024,77.36997523707011,284
2009-03-01,748,367.6932755321152,1555
2009-03-01,307,11660.274629884223,10009
2009-03-01,280,388.0514041394787,161
2009-03-01,361,250.61816943497303,161
2009-03-01,1259,72.7475949924879,305
2009-03-01,643,211.2030805785844,161
2009-03-01,508,132.75420885879134,161
2009-03-01,1029,65.1869692698057,351
2009-03-01,818,281.83210533067415,999
2009-04-01,838,105.47772035057457,221
2009-04-01,1245,58.420115225730804,287
2009-04-01,1287,92.39607795691185,969
2009-04-01,1105,93.8975257888149,305
2009-04-01,166,893.0383741520949,161
2009-04-01,775,192.8200844705157,316
2009-04-01,1040,44.16695502846324,62
2009-04-01,1080,41.40848673390802,67
2009-04-01,515,708.5343442559413,999
2009-04-01,594,245.90341075778866,161
2009-05-01,1151,60.108983620679226,179
2009-05-01,785,75.48726447621226,47
2009-05-01,200,536.8227146733782,161
2009-05-01,1005,48.66863829120398,72
2009-05-01,1311,56.16072263867421,339
2009-06-01,1504,94.06901759932842,1059
2009-06-01,1289,96.45276454847202,594
2009-06-01,1299,37.44506918640518,147
2009-06-01,1391,65.9535528848187,305
2009-07-01,1096,39.41875230844944,253
2009-07-01,280,15342.283910957183,10009
2009-07-01,1520,93.75701759932842,1059
2009-07-01,177,1058.965465475221,161
2009-08-01,992,53.12427725196546,47
2009-08-01,272,526.9983310893682,143
2009-09-01,1241,58.924338540909105,193
2009-09-01,1411,64.74399732000353,305
2009-09-01,1032,49.085925546915504,47
2009-09-01,1323,59.22921684342701,305
2009-09-01,1399,52.968814081097825,305
2009-10-01,877,67.74567034950122,58
2009-10-01,507,66.23077909410517,87
2009-10-01,959,81.85843816931931,380
2009-10-01,540,70.25343761873432,117
2009-10-01,1145,70.86833882090711,230
2009-10-01,1459,59.19947830996695,305
2009-11-01,1013,90.27409979567565,203
2009-11-01,1205,37.77078241529559,68
2009-11-01,1187,68.39767153434164,234
2009-11-01,1553,91.57301759932842,1059
2009-11-01,460,83.44062995116724,87
2009-11-01,1230,65.84846664618365,261
2009-12-01,1501,57.719910385339226,305
2009-12-01,1448,35.157267291889646,177
2010-01-01,1441,40.33889256755743,177
2010-01-01,1075,45.396941191756,227
2010-01-01,1183,47.50865178021043,117
2010-01-01,1265,41.54905439624735,117
2010-01-01,292,198.4270198134542,63
2010-01-01,1531,38.025810749103606,305
2010-01-01,1217,41.63837373181487,77
2010-01-01,647,109.27038000680479,201
2010-01-01,1237,70.37901680996929,328
2010-01-01,1385,38.4284340783663,177
2010-01-01,1158,42.89483038831625,269
2010-01-01,270,159.88979678810313,64
2010-01-01,1043,87.72843954016597,554
2010-02-01,1305,110.36760213060239,999
2010-02-01,1281,78.7895211464987,305
2010-02-01,254,190.63001110724738,43
2010-03-01,1163,51.2316715273525,305
2010-03-01,1001,51.98483701325159,42
2010-03-01,1387,126.07283992991263,1443
2010-03-01,1527,95.04068114743123,1059
2010-04-01,1392,111.7155145418807,1222
2010-04-01,1540,70.14498842827861,594
2010-04-01,1160,69.5718082348013,202
2010-04-01,1491,132.9102124042884,1666
2010-05-01,1577,37.481684577708954,305
2010-05-01,1173,94.07801416585225,554
2010-05-01,1329,77.23815607244828,305
2010-06-01,1148,45.64277743242098,72
2010-06-01,1374,62.868029024022434,353
2010-06-01,996,83.31248857855661,380
2010-06-01,1446,38.01971276606019,177
2010-06-01,1127,85.70488360249982,369
2010-06-01,1346,39.765832459507,117
2010-07-01,1144,81.38596395653911,570
2010-07-01,1498,78.86293913902304,594
2010-07-01,1414,58.775424736409654,339
2010-07-01,738,98.12544057073646,213
2010-07-01,1300,60.27628662663206,213
2010-08-01,258,196.92756587342737,64
2010-08-01,707,72.48019378142166,68
2010-09-01,1139,132.07309489904065,999
2010-09-01,1341,40.06292393691986,117
2010-09-01,1174,42.922642615556555,64
2010-10-01,1375,32.16981956522794,93
2010-11-01,1132,45.11360332113705,75
2010-12-01,1579,37.189323004986704,174
2010-12-01,1389,30.92899913730379,269
2010-12-01,846,49.450761075275594,74
2011-01-01,1567,60.05777261972417,175
2011-01-01,1436,72.66603690344392,187
2011-01-01,320,197.1318750755438,42
2011-01-01,1603,141.6067028855754,1059
2011-01-01,1426,49.64572486820694,120
2011-01-01,1990,33.43840257438353,189
2011-02-01,1473,183.5406247811716,1443
2011-02-01,1515,43.122469483498946,110
2011-02-01,1183,48.36453450103012,132
2011-02-01,1532,70.8069836972345,570
2011-03-01,1154,66.63667419298064,52
2011-03-01,1607,188.3431172142849,1666
2011-04-01,1002,151.13353776617691,279
2011-04-01,1653,51.98648461572402,230
2011-04-01,1146,152.5818070416339,525
2011-04-01,727,333.46771680776357,525
2011-04-01,1413,85.43005497264457,362
2011-04-01,1748,60.18167728285343,350
2011-04-01,1499,122.11193075100478,594
2011-04-01,929,111.72101099221901,42
2011-05-01,1734,49.787757585946004,261
2011-05-01,1223,61.74234798669384,64
2011-05-01,941,159.68003247990833,219
2011-06-01,1765,54.22618618637295,339
2011-06-01,1240,63.48470370305264,75
2011-06-01,1562,69.85261157928674,250
2011-06-01,1183,65.20002489728103,236
2011-06-01,1780,77.07192946431769,623
2011-06-01,712,274.31966614582706,188
2011-07-01,1558,117.11059408866511,594
2011-07-01,1363,59.156877967435285,134
2011-08-01,1570,56.806689940693836,189
2011-08-01,1176,185.32994509169149,777
2011-08-01,1394,41.83523876353525,184
2011-09-01,1550,46.56709012550358,144
2011-09-01,1084,78.04369324333112,42
2011-09-01,1554,44.11659039964513,117
2011-09-01,1384,60.60073844262001,295
2011-09-01,1287,70.07982403338093,295
2011-09-01,1154,51.69025229274712,121
2011-09-01,1516,68.26730879092929,177
2011-10-01,1040,51.68367234817824,64
2011-10-01,754,101.11088520509746,72
2011-10-01,1130,69.09022476886929,40
2011-11-01,1211,62.550788438617374,64
2011-11-01,1375,49.67004393457916,75
2011-11-01,1810,112.20063850160264,1059
2011-11-01,1759,89.08014422034798,594
2011-11-01,479,205.6360208710922,134
2011-12-01,1189,64.85497976337145,250
2011-12-01,901,72.99064526385592,86
2011-12-01,1547,177.24318748000144,1443
2012-01-01,1741,72.07592395458427,305
2012-01-01,739,91.3647144255882,37
2012-01-01,1091,255.4695274510315,1107
2012-01-01,1833,116.64414098058016,1059
2012-01-01,829,195.7139833546458,188
2012-01-01,883,188.2339210198595,250
2012-01-01,1688,45.448516735653,378
2012-01-01,1574,35.945076861808104,235
2012-01-01,868,181.14672964554916,198
2012-01-01,1102,45.483844924579955,64
2012-01-01,1801,36.63380262770495,201
2012-01-01,1275,54.968950901702044,52
2012-01-01,1234,143.29941007989407,519
2012-01-01,1295,55.64266532297443,72
2012-01-01,1484,78.94509615198434,387
2012-02-01,702,101.24956211154263,37
2012-02-01,1749,52.97338197773877,235
2012-02-01,1715,189.12241951844547,1890
2012-02-01,1654,57.064683774836055,205
2012-03-01,1814,29.551697146896323,117
2012-03-01,1471,223.7503717115204,1552
2012-03-01,1652,226.7634364106561,2057
2012-03-01,1607,63.785570016187066,187
2012-03-01,1259,228.59907219037495,1107
2012-03-01,1470,119.57058506218704,623
2012-03-01,2074,37.05290952504048,272
2012-03-01,1541,39.67706096763152,225
2012-04-01,1309,160.86324583812498,612
2012-04-01,2081,43.362707356789784,342
2012-04-01,1345,187.26833816150753,885
2012-04-01,2152,40.94812328589374,350
2012-04-01,346,199.04597618035146,42
2012-04-01,1081,154.82163240332494,294
2012-04-01,1857,43.770596664087456,378
2012-04-01,1405,223.63315611043268,1329
2012-04-01,2046,38.94752308600125,235
2012-04-01,1660,54.775972672258575,378
2012-04-01,1111,176.09342852263566,360
2012-04-01,1526,60.547717319731795,335
2012-04-01,1885,43.281246898323644,195
2012-04-01,1608,39.41082073162269,227
2012-05-01,1992,39.08890524803823,230
2012-05-01,1927,36.38597211610194,294
2012-05-01,1226,116.55989327806284,340
2012-05-01,2173,52.474171448888704,623
2012-05-01,1774,82.41789172422678,294
2012-05-01,1746,50.818446905744466,378
2012-05-01,1563,244.1059003698126,1723
2012-05-01,2049,39.76398241872003,305
2012-05-01,1910,92.88373489854692,1096
2012-05-01,674,100.90617435703437,89
2012-05-01,1851,41.15532224830665,195
2012-06-01,1390,40.921739590363785,225
2012-06-01,1410,259.2931575752854,1440
2012-06-01,1110,192.02838130389358,387
2012-06-01,1222,52.94699003172998,225
2012-06-01,1744,44.430114925368414,346
2012-06-01,1781,30.559993699685023,184
2012-06-01,1969,37.63198680411791,197
2012-06-01,1342,136.35884816957525,198
2012-06-01,980,114.95676380418705,306
2012-06-01,1767,37.46567915841583,269
2012-06-01,1205,63.3833864545548,280
2012-07-01,972,97.00519093282162,280
2012-07-01,1916,40.46982902708546,189
2012-07-01,1255,67.17982185587013,225
2012-07-01,1784,141.583760485149,1080
2012-07-01,2045,39.76166747700297,213
2012-07-01,2058,43.42909230215231,339
2012-07-01,1895,39.36453135459836,184
2012-07-01,2034,40.01422505475764,261
2012-07-01,1196,75.4147495621553,42
2012-07-01,1939,42.408969455245895,184
2012-07-01,1500,466.0525347189084,3616
2012-07-01,914,94.18238015999822,225
2012-08-01,1440,195.13411350508872,885
2012-08-01,1311,457.1777735493489,2725
2012-08-01,1721,36.90560574921768,112
2012-08-01,520,191.55924384860955,111
2012-08-01,733,180.25540111941064,187
2012-09-01,1464,54.731932743679494,82
2012-09-01,1876,44.733025178588974,380
2012-09-01,1494,35.99528637346274,117
2012-09-01,1670,41.054280791539036,134
2012-09-01,1950,41.37373641657291,175
2012-10-01,1720,52.261768945253294,182
2012-10-01,1772,45.168246406105155,177
2012-10-01,1658,49.607056958647014,363
2012-10-01,1907,93.00481257756493,1096
2012-10-01,1714,32.37432009103392,65
2012-12-01,1326,50.65319624092003,42
2013-01-01,1864,47.91506193420899,182
2013-01-01,1819,34.72238101375458,144
2013-01-01,1942,42.171924908831606,380
2013-01-01,899,109.62203043279592,281
2013-01-01,1887,30.056232621809897,117
2013-01-01,1629,29.815281952204327,117
2013-01-01,1557,39.57374456821825,64
2013-01-01,1937,54.38620942961408,570
2013-01-01,1636,39.29663918076909,227
2013-01-01,1973,85.194295736366,594
2013-01-01,2069,103.2044548755823,1059
2013-01-01,366,282.9434382586915,98
2013-01-01,1764,34.7445851759207,227
2013-01-01,1363,52.025305958616016,315
2013-01-01,1996,28.111849162208298,138
2013-01-01,2178,41.986764147105774,320
2013-01-01,1694,37.8068667743677,117
2013-01-01,1326,50.38835462567657,281
2013-01-01,1489,55.45305678361312,426
2013-01-01,1790,33.86034953432459,117
2013-01-01,1931,26.17403416547457,195
2013-01-01,1824,34.39042817794341,266
2013-02-01,1397,46.2444966521726,40
2013-02-01,1300,49.19895717085455,134
2013-02-01,1461,44.94526439222595,64
2013-02-01,1535,52.57947392992731,120
2013-02-01,1742,33.01979685300424,82
2013-03-01,1567,96.61270932435205,294
2013-03-01,930,65.3452342656309,134
2013-05-01,990,156.29921010466094,143
2013-06-01,2140,42.10031731233707,224
2013-06-01,2029,44.90405714508647,192
2013-06-01,1922,169.3882049943537,1666
2013-06-01,2173,45.45534773606438,312
2013-06-01,2156,42.49194540018622,243
2013-06-01,1722,42.61379739439023,213
2013-06-01,1842,50.271265031914695,378
2013-06-01,1978,39.31620395279187,192
2013-06-01,2161,41.852625576396235,261
2013-06-01,2029,43.87948709307564,175
2013-06-01,2162,45.95429653170383,339
2013-06-01,2227,48.80206059669965,350
2013-06-01,2129,40.0131017386786,303
2013-06-01,2229,58.07337144888871,623
2013-06-01,2161,47.98054985947069,350
2013-06-01,1806,56.29759962166894,187
2013-06-01,2083,43.273018189291626,230
2013-07-01,1937,78.55767055732271,332
2013-07-01,1889,202.54569972843072,2057
2013-07-01,2042,171.22910873869566,1890
2013-07-01,1678,152.66625703229965,1107
2013-07-01,2012,70.48106291253599,294
2013-07-01,1796,190.77676508820133,1723
2013-07-01,1576,113.75324665902423,612
2013-07-01,1677,43.38553608308236,393
2013-07-01,1302,129.7850025957439,360
2013-07-01,1493,42.27151469474312,281
2013-07-01,1597,41.4556199921976,64
2013-08-01,1443,246.11991984688763,1440
2013-09-01,1816,32.39209106384038,75
2013-09-01,1698,35.2434275079555,54
2013-10-01,1785,52.21084150316084,182
2013-10-01,1240,128.20616435271,287
2013-10-01,1542,41.83434905768759,52
2013-10-01,1915,29.46942477574956,93
2013-10-01,747,89.88845968179054,107
2013-11-01,1207,44.39464702626707,42
2013-11-01,1776,46.65494108522218,187
2013-12-01,2109,105.90136538747392,1080
2013-12-01,1772,47.112651608550166,187
2013-12-01,1554,222.33803854927535,1440
2014-01-01,711,162.20366038723722,221
2014-01-01,649,55.01863568550653,29
2014-01-01,1837,32.8802527985198,93
2014-01-01,1314,42.44940578955311,70
2014-01-01,1399,44.03996697703646,122
2014-02-01,1693,29.63960267436728,117
2014-02-01,1552,252.1843084017458,1611
2014-02-01,1277,227.73833695113765,885
2014-02-01,655,47.65366920299697,18
2014-02-01,435,73.11358325851741,30
2014-02-01,1144,174.98636413316706,601
2014-02-01,1513,42.63039396637097,52
2014-02-01,1652,208.43129451918526,1552
2014-03-01,1636,160.22980642077988,885
2014-03-01,953,318.91467507371647,551
2014-03-01,1287,217.7067371838539,837
2014-03-01,1493,216.53913454276653,1329
2014-03-01,1804,38.581680894498085,266
2014-04-01,1063,89.44549517413466,187
2014-04-01,1376,104.52898836311704,294
2014-04-01,639,93.71088370320474,107
2014-04-01,1387,114.87219893295205,387
2014-05-01,1762,31.999927227935736,54
2014-05-01,2149,40.449274933316545,230
2014-05-01,2036,52.50448947361262,570
2014-05-01,535,93.06633882284964,42
2014-05-01,2218,32.16965763615078,213
2014-05-01,2228,42.587210673423996,303
2014-05-01,1692,35.09557102901273,52
2014-05-01,2052,28.929111146779164,138
2014-05-01,935,214.40458783449955,494
2014-05-01,1899,50.29671226102168,182
2014-05-01,2211,39.23497013881679,224
2014-05-01,1119,208.8832979704081,662
2014-05-01,2062,35.995897805760265,192
2014-05-01,2092,42.01136484057334,192
2014-06-01,2184,53.54473216837386,261
2014-06-01,580,77.47478666814783,34
2014-06-01,1656,48.054203779198716,192
2014-06-01,2194,53.65837925173081,243
2014-06-01,2258,54.75364664154472,339
2014-06-01,651,48.518387104170834,40
2014-06-01,2470,47.130798268337585,339
2014-06-01,2210,46.76687209669789,303
2014-06-01,620,258.2498802097507,209
2014-06-01,545,56.98140132492928,26
2014-06-01,1615,47.45338203789488,42
2014-07-01,1895,37.859921002756344,82
2014-07-01,1224,64.37092782220068,76
2014-07-01,2095,53.19276517815608,189
2014-07-01,1730,45.42614949344218,82
2014-07-01,538,65.77710296807598,35
2014-07-01,1413,163.09497475640887,519
2014-08-01,2057,111.25769818306992,583
2014-08-01,1987,151.33648252949922,999
2014-08-01,1691,54.065216409349006,315
2014-08-01,1684,255.34028990948786,1552
2014-08-01,554,180.88101970649683,86
2014-08-01,2280,52.090961856590624,339
2014-08-01,2012,36.73614969487512,117
2014-09-01,2075,83.13867554200289,294
2014-09-01,1068,211.57824478713877,250
2014-09-01,1910,248.1897465879095,2057
2014-09-01,609,129.64762898917274,107
2014-09-01,1925,104.95722807368155,294
2014-09-01,1812,37.96568178552604,50
2014-09-01,1841,134.37732768413179,885
2014-09-01,1942,35.0724988106749,75
2014-09-01,2033,91.60446471889094,294
2014-09-01,2017,100.17801486859004,389
2014-09-01,1598,216.96691155539418,1107
2014-09-01,2161,52.39544756361211,261
2014-09-01,1780,196.2140053277144,1329
2014-09-01,2063,36.71831016162667,147
2014-09-01,1615,50.13210968188431,192
2014-09-01,1778,217.14944418557306,1440
2014-10-01,962,479.97072735556543,837
2014-10-01,1757,115.23037017972551,612
2014-10-01,233,593.4825563133917,60
2014-10-01,1959,158.38497614435084,1080
2014-10-01,1922,242.1279278599323,1890
2014-10-01,2140,80.43494922712382,294
2014-10-01,1760,34.007988781769946,117
2014-10-01,1282,111.93796884181755,179
2014-10-01,2391,62.4609541938209,623
2014-10-01,728,155.65158254926266,42
2014-10-01,1782,240.5611034883401,1723
2014-10-01,713,125.86718633286577,161
2014-10-01,671,103.3648521727994,107
2014-10-01,455,67.34099438030417,17
2014-10-01,433,79.23281510151182,20
2014-10-01,1955,59.08379534055533,434
2014-11-01,977,227.63974818261414,198
2014-11-01,1369,170.4308902220097,662
2014-11-01,2132,33.888930704937906,87
2014-11-01,1095,205.6146638147963,294
2014-11-01,1691,96.68035265077346,360
2014-12-01,2042,57.575694698257365,243
2014-12-01,1901,42.57178730592403,213
2015-01-01,1478,610.6980413513216,3616
2015-01-01,646,46.857038367787915,35
2015-01-01,1639,55.85513841311076,393
2015-01-01,1223,77.50182018819281,281
2015-01-01,1632,128.86093884901635,198
2015-01-01,932,267.1781148034161,198
2015-01-01,1569,51.29682436411239,315
2015-02-01,1154,85.67419494117239,275
2015-02-01,1743,89.69232701414707,198
2015-02-01,1814,167.90880568462433,885
2015-02-01,2065,46.33023264834974,350
2015-02-01,1587,120.22658723783326,198
2015-03-01,1874,40.36928608055116,315
2015-03-01,1975,47.568540004709796,426
2015-03-01,2119,82.03712372018201,294
2015-03-01,2014,39.36192863359442,426
2015-04-01,646,146.3826643810749,161
2015-04-01,2319,65.88240568380132,623
2015-04-01,1786,166.2834810597926,885
2015-04-01,1431,40.53467368789054,42
2015-04-01,891,336.6783637683154,581
2015-04-01,991,221.72932093149677,188
2015-04-01,649,45.81355985420218,37
2015-05-01,1858,36.44544247753404,64
2015-05-01,2067,33.69678988767684,117
2015-05-01,378,1606.8265533499389,161
2015-06-01,2319,46.043014945471434,366
2015-06-01,1726,231.61046643749447,1440
2015-06-01,1723,42.906807473306486,315
2015-07-01,1483,173.86375105107243,692
2015-07-01,358,511.44409203322436,104
2015-07-01,333,986.7607404764433,208
2015-07-01,2251,45.171104960837496,277
2015-07-01,2522,49.30519826833758,339
2015-07-01,1593,47.98532905006892,281
2015-07-01,562,148.78467157748582,107
2015-08-01,1923,58.84645155270708,378
2015-08-01,2106,36.24360991270875,315
2015-08-01,562,135.05857295158194,107
2015-08-01,2124,49.196809496315645,378
2015-08-01,2326,50.66725317978542,242
2015-08-01,631,43.315963385061465,27
2015-08-01,463,71.5631637550808,21
2015-08-01,1106,303.7340059067604,692
2015-08-01,1689,78.71477614517133,161
2015-08-01,1966,51.40977822728274,182
2015-08-01,1862,232.87895298509062,1723
2015-08-01,1393,253.81660503265954,1107
2015-09-01,2304,44.485639426998496,303
2015-09-01,1696,42.25430009239912,281
2015-09-01,1861,45.36568874780186,393
2015-09-01,1712,53.60591758823298,393
2015-09-01,1719,101.40714890837341,198
2015-09-01,931,637.7671263141461,1266
2015-09-01,2126,44.446112315269154,192
2015-09-01,2283,39.82303993836472,213
2015-10-01,2334,28.12391705721542,149
2015-10-01,2219,29.05025609694262,117
2015-10-01,2055,27.585829703108693,138
2015-10-01,2314,27.959651881032777,138
2015-10-01,2249,44.07445174164034,277
2015-10-01,1215,66.7902297886693,281
2015-10-01,1806,33.671855602451544,117
2015-10-01,1343,66.75137886283768,281
2015-10-01,1834,39.73410268748001,192
2015-10-01,1977,54.62116466625948,378
2015-10-01,2024,32.32844133363233,64
2015-10-01,1793,53.76030598112638,250
2015-10-01,1801,28.668982193052155,64
2015-10-01,2123,28.777011693459816,75
2015-10-01,1239,461.8099245701524,1611
2015-11-01,2281,52.14731132341544,339
2015-11-01,2007,52.6593746917802,378
2015-11-01,1881,30.738221100667168,117
2015-11-01,1389,72.12322227173493,393
2015-11-01,2241,26.211968791165756,86
2015-11-01,2342,44.94924347144337,261
2015-11-01,419,884.3539971016542,199
2015-11-01,1727,247.58573120876778,1552
2015-12-01,1342,57.45089492081926,281
2015-12-01,1218,54.9994853710687,161
2015-12-01,2117,46.73907437949657,244
2015-12-01,1568,44.017505097061466,117
2015-12-01,1818,39.95161377639371,192
2015-12-01,2040,73.65520301457038,198
2015-12-01,1433,146.93048100088433,87
2015-12-01,1219,69.62968309409085,281
2015-12-01,2315,51.05088648592934,350
2016-01-01,1510,59.48375545577077,266
2016-01-01,1969,57.693472003439105,189
2016-01-01,2185,49.578377878843924,230
2016-01-01,2035,41.402580487444695,250
2016-02-01,2119,60.68044865997484,568
2016-02-01,1572,69.28011369442765,378
2016-02-01,1715,52.78687352554241,199
2016-02-01,2043,45.304216330983046,415
2016-02-01,1590,257.78977662717904,1440
2016-02-01,2039,52.73057338827086,175
2016-02-01,1502,150.19838945276643,294
2016-03-01,946,72.2635453411487,107
2016-03-01,1845,28.0303907824801,75
2016-03-01,1673,98.8214509320907,581
2016-03-01,687,134.3568095998452,161
2016-03-01,455,131.21026976371667,34
2016-03-01,977,249.5721923860645,428
2016-04-01,1292,332.8049974474833,1266
2016-04-01,2237,189.83672175683765,2057
2016-04-01,2040,72.99618495675341,87
2016-04-01,628,117.29689351728125,107
2016-04-01,509,72.57874479625855,27
2016-04-01,1774,147.82097961160736,885
2016-04-01,1950,102.56054142248492,294
2016-04-01,1959,75.01926181812298,198
2016-04-01,1752,119.97447866214996,612
2016-04-01,1571,360.04632355993766,2057
2016-05-01,2222,49.116867071065734,348
2016-05-01,2343,65.63393104665042,623
2016-05-01,2256,74.19569836287606,294
2016-05-01,611,123.66951519823273,107
2016-05-01,868,84.0438559170259,161
2016-05-01,1281,105.24453519604666,320
2016-05-01,1600,112.07846041749718,360
2016-05-01,1952,207.57272966808964,1723
2016-05-01,1688,50.02097201531459,225
2016-05-01,2125,205.38882761903218,2057
2016-05-01,710,127.62505722441841,161
2016-05-01,2130,203.92133933902366,1890
2016-05-01,487,62.36640553113144,21
2016-06-01,291,399.19439507168624,60
2016-06-01,1740,40.94106570962911,52
2016-06-01,2343,40.27606958094688,265
2016-06-01,2374,113.7048167177428,1089
2016-06-01,2338,154.0740122689804,1723
2016-06-01,1256,85.59809393815226,193
2016-06-01,2410,84.52041858405006,617
2016-06-01,1969,55.42028167315858,378
2016-06-01,587,135.31798255594506,107
2016-06-01,2028,41.3281622785222,303
2016-06-01,1430,280.1178186879648,1107
2016-06-01,1508,143.41558700969327,662
2016-06-01,1696,84.11573962091576,198
2016-06-01,1951,135.2203378022964,294
2016-06-01,395,155.5850878854846,30
2016-07-01,835,294.8499514522736,213
2016-07-01,1363,259.8183451571099,885
2016-07-01,1612,401.1800181070264,2280
2016-07-01,2392,68.23966133051485,294
2016-07-01,1046,222.32505331558633,198
2016-08-01,2380,78.29440896952879,294
2016-08-01,633,116.59409891691423,107
2016-08-01,1645,30.66007190607231,161
2016-08-01,1948,187.63406121035297,1440
2016-08-01,1078,235.56150258931274,294
2016-10-01,1593,45.89758354775563,281
2016-10-01,914,101.37899126081248,161
2016-10-01,2743,47.481198268337586,339
2016-10-01,1943,53.724463440295764,250
2016-10-01,1957,48.03378166184001,393
2016-10-01,806,99.13490446530156,107
2016-10-01,1613,383.68616919046457,1723
2016-10-01,1784,44.57885667052253,281
2016-10-01,1426,155.4703309065896,294
2016-10-01,1576,63.83624046637713,393
2016-10-01,1420,57.76232741141568,281
2016-10-01,2195,154.5369320205355,1080
2016-10-01,2356,80.93171163654837,294
2016-10-01,1387,73.75062476606004,281
2016-11-01,853,102.648026938806,161
2016-11-01,811,82.70623447756822,107
2016-11-01,1909,108.04529234666458,198
2016-11-01,1713,254.82254423410419,1329
2016-11-01,1948,174.90405378149148,885
2016-11-01,1753,49.19590321224908,182
2016-11-01,573,151.2705403288185,107
2016-11-01,2253,52.100332622687,175
2016-11-01,1692,33.52505647607351,161
2016-12-01,2472,44.17737865216891,303
2016-12-01,2289,43.5633704646633,192
2016-12-01,760,94.55387787053435,107
2016-12-01,1702,125.17168685848094,198
2016-12-01,1171,103.2701763523542,281
2016-12-01,1749,214.69652714230588,885
2017-01-01,2112,34.68479475367383,64
2017-01-01,2473,34.061106536332005,168
2017-01-01,1984,39.84317109262789,192
2017-01-01,1282,74.13574072236166,86
2017-01-01,2466,29.499623948093713,149
2017-01-01,2269,31.995323795560516,213
2017-01-01,2570,47.10519040301746,242
2017-01-01,2477,38.67889826018844,213
2017-01-01,2108,50.78411383812329,182
2017-01-01,1820,45.44173502977324,304
2017-01-01,1743,125.6812385749443,662
2017-01-01,2277,30.034385086005216,86
2017-01-01,2392,30.63071631271521,138
2017-01-01,2189,31.635188902598816,75
2017-01-01,1975,51.9976226575262,250
2017-02-01,1798,43.33962020403458,42
2017-02-01,841,91.31049748716653,107
2017-02-01,1872,98.06329316447128,428
2017-02-01,2029,31.403783741765462,117
2017-02-01,1966,36.77730767388911,281
2017-02-01,1754,37.88480759455779,281
2017-02-01,617,200.53090421135812,161
2017-02-01,1433,215.65588904028806,692
2017-02-01,1754,135.11632408945545,198
2017-02-01,2225,40.23172137611216,303
2017-03-01,2564,62.10851686118358,623
2017-03-01,1743,35.792083709028816,64
2017-03-01,1761,49.797651788018946,250
2017-03-01,697,48.54036198727771,37
2017-03-01,1102,481.98656402919056,1107
2017-03-01,2008,47.674944485467755,415
2017-03-01,1285,58.617253599792704,161
2017-04-01,2364,57.15477089332077,623
2017-04-01,1986,38.231383246831776,304
2017-04-01,2030,160.5553337806889,885
2017-04-01,1843,33.416250129215484,75
2017-04-01,2247,227.5303894904149,2214
2017-05-01,2183,40.508125116615126,415
2017-05-01,1558,289.478173469756,1080
2017-05-01,2128,30.571387195581334,138
2017-05-01,2586,46.67055747383668,350
2017-05-01,2443,51.187114295681546,339
2017-05-01,2300,46.56897288146556,175
2017-06-01,2432,85.02588441560455,383
2017-06-01,1029,74.29557384085113,107
2017-06-01,1317,745.5418499030457,2725
2017-06-01,2534,90.37293797880345,589
2017-06-01,1514,564.1464070683676,2725
2017-06-01,2603,107.82721324990735,989
2017-06-01,2269,52.646362466203534,230
2017-06-01,2210,31.26228562572856,304
2017-07-01,2462,48.81938603056912,261
2017-07-01,1938,41.706055873572225,297
2017-07-01,2496,63.580034951463226,242
2017-07-01,1673,43.63272986586733,281
2017-07-01,1435,338.70245104382917,1266
2017-07-01,2800,55.367598268337595,339
2017-07-01,1457,812.663331457064,3616
2017-07-01,1541,256.1633188692404,1107
2017-08-01,2224,275.7518833025876,2460
2017-08-01,2178,42.20545022308383,409
2017-08-01,2069,46.76956245304029,409
2017-08-01,2610,76.92397747747798,383
2017-08-01,569,1250.516572428838,727
2017-09-01,2483,136.17821934822564,1189
2017-09-01,1984,569.501264496651,4702
2017-09-01,2468,199.58463894649623,1979
2017-09-01,1868,285.20802915431324,1723
2017-09-01,2497,157.8017969604882,1387
2017-10-01,2612,50.6424880297212,257
2017-10-01,2489,48.48238651504496,168
2017-10-01,2111,30.525277202353212,117
2017-10-01,1531,319.42202249886884,1221
2017-10-01,2523,240.64954313958418,2925
2017-10-01,2157,609.2215011809093,5890
2017-10-01,2774,50.08989292059386,359
2017-10-01,2015,88.88780755907398,428
2017-10-01,2247,189.8401402002832,1691
2017-10-01,1681,173.6970860568773,694
2017-10-01,2242,42.447324619296175,117
2017-10-01,2541,167.9893344554499,1684
2017-10-01,2062,44.968707263867266,304
2017-10-01,2409,41.15136312233291,182
2017-10-01,1668,64.0906258305984,225
2017-10-01,1731,84.18519154340599,348
2017-11-01,2613,100.3512186102678,835
2017-11-01,1880,300.30806855988436,1894
2017-11-01,777,129.84037933947195,161
2017-11-01,1587,58.92292685677548,281
2017-11-01,2249,375.4342356284672,3543
2017-11-01,835,107.01601815475826,86
2017-11-01,2098,169.6511279248363,1221
2017-11-01,2264,82.36611826990868,294
2017-11-01,1840,388.56344616075575,2445
2017-11-01,1798,79.88215437223131,189
2017-11-01,2224,271.42572832622994,2612
2017-12-01,2413,233.19679798644398,2553
2017-12-01,2048,36.87519066725279,297
2017-12-01,1760,34.05068623774134,106
2017-12-01,1887,246.4367677584189,1555
2017-12-01,2632,114.61940250017513,1113
2017-12-01,2654,68.27525715008605,444
2017-12-01,1364,43.14825971764265,107
2017-12-01,1350,370.255843484625,1266
2017-12-01,1768,245.4060328418663,1273
2018-01-01,1015,290.52598248116954,213
2018-01-01,1535,160.9256290502396,417
2018-01-01,1620,56.43926877409776,281
2018-01-01,559,987.6098854382676,107
2018-01-01,1678,216.00987875318162,1002
2018-01-01,2692,37.145508909882054,175
2018-01-01,2155,384.71456515904407,3655
2018-01-01,2056,374.6674171750054,3072
2018-01-01,2207,40.890724836583495,87
2018-01-01,1210,428.7625672773233,1266
2018-02-01,2123,363.5813043728512,3115
2018-02-01,1674,136.25473113697507,294
2018-02-01,1690,140.4369769681419,473
2018-03-01,1790,32.87955891119751,42
2018-03-01,1383,113.96745962267785,161
2018-03-01,1384,878.3544077860815,3616
2018-03-01,1235,441.5572487670535,1266
2018-03-01,2019,248.47102716582305,1776
2018-03-01,2493,274.4399241890128,3286
2018-03-01,2360,37.262251013721404,303
2018-04-01,2026,39.81280689339859,192
2018-04-01,993,338.8462743847881,306
2018-04-01,2231,32.38860652917472,64
2018-04-01,2177,248.87164480586316,2111
2018-04-01,1827,281.87966179334285,1727
2018-04-01,2498,54.76214619336096,583
2018-04-01,1817,531.9157084940451,3616
2018-04-01,1966,38.248644290357795,281
2018-04-01,2412,61.42875454115676,623
2018-04-01,2450,48.25389333141552,450
2018-04-01,2343,48.83927078645206,395
2018-04-01,1445,178.46771936333934,501
2018-04-01,2429,45.4421340518779,395
2018-04-01,889,72.14864417323503,107
2018-04-01,2169,36.48386540246005,213
2018-05-01,1338,82.8945422918564,281
2018-05-01,1964,30.831981553995313,75
2018-05-01,491,328.11630882078344,104
2018-05-01,2252,33.03726530045129,75
2018-05-01,669,151.37279414493196,75
2018-05-01,2577,37.604222286017944,213
2018-05-01,1728,316.9933186881066,1764
2018-05-01,2318,39.648005592466234,250
2018-06-01,2260,62.06067258217234,175
2018-06-01,2005,29.705091680114382,138
2018-06-01,1481,53.159079140487876,64
2018-06-01,2260,42.32631748401437,138
2018-07-01,2460,35.6226139204532,250
2018-07-01,1402,54.93661729797454,42
2018-07-01,501,778.3629625880267,332
2018-08-01,2537,37.59519182498149,431
2018-08-01,1930,36.87281640518345,117
2018-08-01,2703,45.303426800251664,311
2018-08-01,1812,119.26933931623225,566
2018-08-01,1979,51.50383025447988,415
2018-08-01,2246,39.353215831471104,320
2018-08-01,1965,41.84989994714415,52
2018-08-01,916,93.82817163364552,161
2018-09-01,2138,33.959471778530464,297
2018-09-01,1391,136.29564081169235,143
2018-09-01,2576,47.135010929562185,328
2018-09-01,1750,78.10286050666542,213
2018-10-01,2909,51.7906298325981,374
2018-10-01,2779,50.36105817452427,262
2018-10-01,1836,127.71507379482668,193
2018-10-01,1674,66.91477759879892,393
2018-10-01,1807,39.49536480098105,64
2018-10-01,1981,71.59675402601023,213
2018-10-01,2970,55.37805532433432,488
2018-10-01,2155,46.19464875402912,304
2018-10-01,2775,50.61844871442046,362
2018-11-01,2827,58.52439580111673,450
2018-11-01,2119,72.36907338439102,435
2018-11-01,871,143.41876713198113,86
2018-11-01,1401,410.8772033407199,1219
2018-11-01,2796,37.766014225598646,213
2018-11-01,2658,48.021839425165,255
2018-11-01,2713,47.830098595379326,284
2018-11-01,2643,154.47123202813216,1387
2018-11-01,1650,43.26508985355511,42
2018-11-01,2136,36.456704876809745,281
2018-12-01,1374,75.46917482366598,291
2018-12-01,2615,106.9023046038828,589
2018-12-01,2407,148.98609345741087,889
2018-12-01,2596,134.61855274134527,989
2018-12-01,2566,204.01724918797206,1979
2019-01-01,2746,42.33672929920806,303
2019-01-01,2499,227.41361380247628,1894
2019-01-01,1756,139.53063140049932,555
2019-01-01,1819,54.877104419050596,250
2019-01-01,2559,41.283600038406334,192
2019-02-01,2481,204.81993042872185,1947
2019-02-01,1720,48.65317093483807,281
2019-02-01,2651,173.15041709042183,1684
2019-02-01,2704,44.34533760381146,272
2019-02-01,2480,40.74153741989585,144
2019-02-01,2354,44.34528020058164,133
2019-03-01,2488,42.96181690560428,182
2019-03-01,2148,444.27743815315705,2999
2019-03-01,1312,66.10571436282373,161
2019-04-01,2589,43.101133358913664,193
2019-04-01,1647,138.00202681756952,555
2019-04-01,2975,53.90158937534151,463
2019-04-01,2284,42.8985913495423,409
2019-04-01,1324,65.13159956115206,161
2019-04-01,2932,49.63298435520934,349
2019-04-01,2496,48.736220701333906,395
2019-05-01,2611,39.991748409333624,192
2019-05-01,1098,75.1701162756211,107
2019-05-01,1045,82.98838658671175,107
2019-05-01,2213,35.65243762617558,297
2019-05-01,2199,38.45876991457043,192
2019-05-01,2523,34.98404051725682,79
2019-05-01,2367,42.92492754782932,250
2019-05-01,2642,55.5398234018819,583
2019-05-01,2745,43.569736175213066,148
2019-05-01,2794,48.574198693144986,237
2019-05-01,2568,56.977228060489374,556
2019-06-01,2791,42.964420160750656,323
2019-06-01,2291,35.766307970686945,64
2019-06-01,2564,46.76702389938349,395
2019-06-01,2207,61.57799309110311,378
2019-06-01,2522,38.65106927809804,122
2019-06-01,1292,103.79517437518318,225
2019-06-01,2430,39.38686220498622,426
2019-06-01,2804,41.161574694395696,298
2019-06-01,2167,722.0541012883675,6302
2019-06-01,2285,231.01793793206897,1894
2019-06-01,2048,1034.943711410809,8719
2019-06-01,2381,400.65799213018965,3803
2019-06-01,2060,117.67500873474263,562
2019-06-01,2372,151.0183508484022,1221
2019-07-01,2685,37.051093885665566,167
2019-07-01,2667,46.77650964557882,450
2019-07-01,2248,334.47922378463784,2445
2019-07-01,2325,30.946959238876875,143
2019-07-01,2666,34.83342608002721,143
2019-07-01,2878,46.762752102157116,439
2019-07-01,2646,42.34121476808973,193
2019-07-01,2797,52.30335431148786,623
2019-07-01,1818,132.24402827727724,417
2019-07-01,2722,41.202899978879415,213
2019-07-01,2527,38.26007796416357,250
2019-07-01,2457,40.889796134078615,323
2019-07-01,2207,32.43908920728894,122
2019-08-01,1793,215.5765921923123,900
2019-08-01,2853,45.906848475290666,311
2019-08-01,1027,804.7595700930233,1219
2019-08-01,2396,184.00914566078453,1555
2019-08-01,2143,448.20356001752907,3655
2019-08-01,1068,151.90066836943262,225
2019-08-01,514,1097.6029397070179,449
2019-08-01,1853,137.5824648216022,501
2019-08-01,1786,162.86931484538582,641
2019-08-01,2326,332.82459067202245,3072
2019-08-01,2450,323.1231800662477,3286
2019-09-01,1179,228.87536561133376,486
2019-09-01,2900,61.6796224069134,539
2019-09-01,2203,190.9792690904757,1095
2019-09-01,1321,223.09414256981168,480
2019-09-01,2491,36.11687396658933,320
2019-09-01,2572,315.2587867965443,3349
2019-09-01,2004,44.32308078923605,42
2019-09-01,2321,32.58913572494917,297
2019-09-01,2739,38.13060733985917,213
2019-09-01,2278,32.46829423546234,281
2019-09-01,2249,34.70916876150596,297
2019-09-01,2382,39.66596731911424,409
2019-09-01,1712,190.28275663705935,694
2019-09-01,2711,34.16895104717531,154
2019-10-01,1972,34.92735032016693,64
2019-10-01,2747,53.519613574013455,328
2019-10-01,3048,67.6206462908776,524
2019-10-01,2310,32.95551233103426,281
2019-10-01,2838,61.6878572375258,450
2019-10-01,2039,253.71978535940136,1522
2019-10-01,2458,41.54631330920577,443
2019-10-01,2853,44.33805428317801,255
2019-10-01,2289,37.0163168238687,320
2019-10-01,2806,43.37135928449343,272
2019-10-01,2295,35.85408706687576,309
2019-11-01,2298,36.53693954733283,320
2019-11-01,2157,43.54757656341612,213
2019-11-01,2500,49.19410999620747,439
2019-11-01,2620,172.24797441235003,1398
2019-11-01,2428,56.483422657512804,494
2019-11-01,2888,44.24143308801196,284
2019-11-01,2248,36.0687710082971,297
2019-11-01,2491,37.748988756234695,409
2019-12-01,2770,105.43079204188956,689
2019-12-01,2302,47.864840196612214,323
2019-12-01,2424,34.043910624652355,86
2019-12-01,1214,63.86508325921545,107
2019-12-01,1497,472.4610343190547,1611
2019-12-01,2139,56.25724434998895,395
2019-12-01,1691,568.980797377521,2612
2019-12-01,2672,132.15111852115706,979
2019-12-01,2709,103.97363730444793,590
2019-12-01,2727,114.70871846494539,784
2019-12-01,2029,54.29574694122322,322
2020-01-01,2032,37.87488513952303,292
2020-01-01,2702,557.5104058447218,7453
2020-01-01,1111,285.8090094928317,213
2020-01-01,2011,1299.69354234922,10009
2020-01-01,1875,78.3345528076845,175
2020-01-01,2638,35.987063953883776,250
2020-01-01,2729,42.659969383394355,395
2020-01-01,1751,234.90683916135188,1005
2020-01-01,1425,616.2834860593562,1989
2020-02-01,2759,37.258888814186605,431
2020-02-01,1863,202.2967061624171,161
2020-02-01,705,140.38911256230026,86
2020-03-01,2709,70.81744284841152,444
2020-03-01,1076,81.58620941451427,107
2020-03-01,2757,112.3437042746898,778
2020-03-01,2104,270.4961688294462,1776
2020-04-01,2908,47.76534687253111,583
2020-04-01,2685,153.65598752774662,1333
2020-04-01,2251,35.97269441342392,297
2020-04-01,1854,51.81865482408756,320
2020-04-01,2359,44.82255930610038,250
2020-04-01,2769,100.30810875794296,667
2020-04-01,2246,97.58233932562129,294
2020-04-01,2050,390.9150911487695,2742
2020-05-01,2941,61.82676027456543,262
2020-05-01,3078,62.37049072502282,374
2020-05-01,2593,44.769556149786574,182
2020-05-01,2847,46.93445004737023,173
2020-05-01,2324,50.07322521829363,443
2020-05-01,2738,45.782672842842594,395
2020-05-01,2129,36.71956699762299,287
2020-05-01,2791,47.599143571643516,450
2020-05-01,3065,45.75385283398109,439
2020-05-01,2020,164.34529493970012,694
2020-05-01,2247,194.0637566012282,989
2020-05-01,2350,35.721098334287795,297
2020-05-01,1951,64.57168290694077,426
2020-05-01,2340,45.79529258110938,320
2020-05-01,2235,227.35740824966345,1300
2020-05-01,2496,48.777308417805386,426
2020-05-01,2397,44.10387924321441,409
2020-05-01,2639,38.90444740095308,122
2020-05-01,3168,64.57005532433432,488
2020-05-01,1420,64.02856428474304,161
2020-06-01,2756,60.659402786301264,623
2020-06-01,3136,65.53892101912973,463
2020-06-01,3058,62.81500601726364,349
2020-06-01,2754,67.45102025815407,494
2020-06-01,2600,49.633376839542315,439
2020-06-01,2158,45.61877892033787,42
2020-06-01,2572,44.168001923279164,155
2020-06-01,1790,207.67467382058075,768
2020-06-01,2928,43.90204147961072,323
2020-06-01,2780,40.205435515388785,192
2020-06-01,2906,38.0408560131104,213
2020-06-01,2680,39.84254780477625,143
2020-06-01,1845,170.70671304883354,501
2020-07-01,1742,44.997261807090695,42
2020-07-01,2748,36.25699059533256,250
2020-07-01,3060,47.56990423173419,362
2020-07-01,2951,61.00684912947537,237
2020-07-01,1730,419.77420201350395,1552
2020-07-01,2912,31.016016376515875,426
2020-07-01,2488,36.10114869799179,64
2020-07-01,2712,37.71381074340401,323
2020-07-01,3075,45.05240213157455,422
2020-07-01,963,108.362383425536,161
2020-07-01,1614,62.93110178456743,281
2020-07-01,2970,207.84078452309382,1979
2020-07-01,2926,42.49855932083094,298
2020-08-01,2168,45.774602054001164,182
2020-08-01,3107,68.19612495646344,439
2020-08-01,2736,28.41535681550366,309
2020-08-01,1915,63.881313079477394,403
2020-08-01,3098,69.35386346277991,453
2020-08-01,2849,130.48794150439628,944
2020-08-01,2869,49.541949348617784,255
2020-08-01,2691,101.63834922446418,555
2020-08-01,2889,32.797899689551265,426
2020-08-01,2800,49.6554862526831,450
2020-08-01,3093,55.65816877171823,494
2020-08-01,3232,68.01692586028012,539
2020-09-01,2386,40.63274242163486,213
2020-09-01,2316,36.318373287894055,143
2020-09-01,2198,45.768166977118035,42
2020-09-01,3096,57.33329889244628,428
2020-10-01,2614,41.508934095243845,122
2020-10-01,1698,506.41457044952006,1988
2020-10-01,2889,44.41577205426076,250
2020-10-01,2253,168.2755849888748,794
2020-10-01,2370,428.6980830382267,3286
2020-10-01,2315,561.8784617630254,4702
2020-10-01,2421,343.45372317255294,2529
2020-10-01,2531,271.08975932111787,1999
2020-10-01,2737,49.36856408932571,417
2020-11-01,2566,59.248258142377566,323
2020-11-01,2485,45.96444965870712,250
2020-12-01,3457,59.4770505969264,374
2020-12-01,1585,83.3274136678408,122
2020-12-01,2151,55.606019560371834,52
2020-12-01,2845,42.68059674863935,154
2020-12-01,1435,81.86682317305501,106
2020-12-01,1833,445.3697637078063,1723
2021-01-01,2974,49.59113941933826,494
2021-01-01,2875,36.12338591082422,309
2021-01-01,3486,65.17005532433431,488
2021-01-01,3139,58.13597295615642,323
2021-02-01,2544,43.6355974440221,281
2021-02-01,3089,41.17722292309421,417
2021-02-01,3089,43.276015801712425,450
2021-02-01,2772,44.26253750653086,330
2021-02-01,2637,47.67485390021333,250
2021-02-01,1781,319.8218614007924,1112
2021-02-01,2309,328.00397174704807,1894
2021-02-01,2131,73.0033401438162,250
2021-03-01,3041,38.46114647976895,155
2021-03-01,2577,43.01041891836307,86
2021-03-01,2277,35.948468042677426,75
2021-03-01,3050,39.99588763059316,182
2021-03-01,3417,61.22844188089488,349
2021-03-01,2399,268.8689410455625,1555
2021-04-01,3291,38.71823036696061,213
2021-04-01,2200,282.1983430573928,1273
2021-04-01,3377,41.60057707497264,298
2021-04-01,3420,48.37177597170215,439
2021-04-01,2713,48.96272349335559,122
2021-04-01,3549,44.04472167148205,422
2021-04-01,1429,918.8881876334834,1894
2021-04-01,2895,37.40236511986602,250
2021-04-01,1582,52.92212483418106,161
2021-04-01,3602,64.8215893753415,463
2021-04-01,1875,80.57672188382112,170
2021-04-01,874,78.69796444705275,36
2021-04-01,3152,40.83886757933988,192
2021-04-01,2140,42.13387221729615,64
2021-04-01,3379,62.253555843442065,262
2021-04-01,2561,50.090103450789535,320
2021-04-01,2914,86.5754987304149,500
2021-04-01,3401,60.05036742582798,237
2021-04-01,2835,42.420060272311204,426
2021-04-01,3005,37.75621539498799,426
2021-05-01,3155,45.41911375539247,395
2021-05-01,2437,276.15068998652555,1522
2021-05-01,1304,76.72956075683888,161
2021-05-01,3278,53.41066070004706,583
2021-05-01,2136,249.00057642078542,946
2021-05-01,2020,44.06229823844469,42
2021-05-01,3240,43.06727192872853,395
2021-05-01,2991,83.43646250628865,311
2021-05-01,3401,37.78206741686116,439
2021-06-01,3518,41.93125414308908,255
2021-06-01,3494,67.98973314252483,428
2021-06-01,2456,41.01698560431055,143
2021-06-01,3167,35.98808279620293,250
2021-06-01,2206,40.322287401771945,64
2021-06-01,2877,49.75280894075349,192
2021-06-01,2271,56.25838677722999,52
2021-06-01,2834,47.321109206500275,143
2021-06-01,2743,35.424236213052986,309
2021-06-01,2568,344.70273048053133,2553
2021-06-01,3328,27.38376902417976,161
2021-06-01,2628,39.48243691315082,182
2021-06-01,3336,44.07816270261648,450
2021-06-01,3379,42.96345353549806,450
2021-07-01,2675,43.87943272249583,86
2021-07-01,1692,171.8357994723108,450
2021-07-01,3469,50.32590247818357,488
2021-07-01,1917,34.572246876895754,93
2021-07-01,3267,45.42323922039561,439
2021-07-01,3056,38.79991804388811,250
2021-08-01,2384,996.0475497199303,7007
2021-08-01,2592,323.63889895236156,2214
2021-08-01,2882,43.795121052483154,250
2021-08-01,2385,1352.9246018947763,10009
2021-08-01,2453,488.61419272409864,2946
2021-08-01,2455,505.083672321837,3072
2021-08-01,2380,233.35446218259835,1002
2021-08-01,1210,93.29088531834172,107
2021-08-01,2262,206.1884886868338,694
2021-08-01,2522,381.0126229116245,2460
2021-09-01,2288,158.62882734311071,555
2021-09-01,3325,82.28619579167363,539
2021-09-01,1754,199.70276604430745,360
2021-09-01,2034,544.6461826848791,2059
2021-09-01,3574,46.44505794630831,362
2021-09-01,3218,38.77798592648005,426
2021-10-01,2600,743.0037485614858,6353
2021-10-01,3118,33.32832971500138,309
2021-10-01,1420,197.0046733576028,306
2021-10-01,2380,64.26773596778244,323
2021-10-01,3483,63.41373735744995,539
2021-10-01,1841,29.845598590398996,122
2021-10-01,2796,50.213111316327556,367
2021-10-01,2041,43.683494152372596,42
2021-11-01,2884,48.58864571332195,213
2021-11-01,3425,56.922735395202636,303
2021-11-01,2406,763.5530817516388,3543
2021-11-01,2297,96.38311301357587,125
2021-11-01,3108,37.022563885648886,161
2021-11-01,3859,100.33652650582195,374
2021-11-01,4113,112.75482891303241,488
2021-11-01,3963,73.21578777578134,262
2021-11-01,3903,74.01633857713213,237
2021-11-01,4081,88.37457842699018,349
2021-11-01,4232,105.25438937534149,463
2021-11-01,3595,52.22014044607447,311
2021-11-01,3503,75.79842835784626,494
2021-11-01,1466,267.41775485954366,199
2021-11-01,3095,45.644148004258504,250
